Lat,Lng,Max Temp,Humidity,Cloudiness, Wind Speed,Country,Date
albany,-73.9662,267.01,75,1645001712,US,1.67
kununurra,128.7333,307.14,49,1645001041,AU,3.09
punta arenas,-70.9167,276.21,81,1645001544,CL,3.6
yellowknife,-114.3525,238.44,75,1645001713,CA,3.6
kodiak,-152.4072,279.88,76,1645001157,US,6.17
attawapiskat,-53.48,295.48,97,1645001714,BR,0.33
prainha,140.8333,282.37,44,1645001715,JP,5.39
barentsburg,81.0453,261.05,83,1645001716,KZ,2.11
illoqqortoormiut,50.8122,299.13,49,1645001716,SO,8.58
hasaki,167.4833,299.45,82,1645001311,NC,9.74
samusu,67.2783,284.2,37,1645001717,UZ,2.06
belushya guba,39.5131,264.14,95,1645001718,RU,3.33
shar,-156.7887,244.16,69,1645001718,US,6.17
bandarbeyla,-134.9692,298.58,73,1645001719,PF,5.66
vao,-68.3,275.96,81,1645001591,AR,2.57
ituni,-22.4338,271.41,100,1645001330,IS,4.12
termiz,10.85,285.32,51,1645001719,LY,6.84
ostrovnoy,-175.2,298.24,94,1645001720,TO,3.09
barrow,-7.3528,300.98,78,1645001721,CI,2.72
rikitea,-35.2086,297.36,79,1645001721,BR,1.32
ushuaia,-122.8345,278.23,86,1645001722,US,0.31
grindavik,-86.0689,281.22,68,1645001722,US,5.66
nalut,-75.833,269.17,69,1645001723,US,4.92
vaini,-75.6753,294.94,99,1645001723,PE,0.63
tabou,42.5053,292.05,48,1645001724,SA,4.63
nisia floresta,-139.0333,298.23,80,1645001724,PF,7.58
jackson,40.2803,279.72,61,1645001725,RU,0.56
peru,147.3294,294.27,55,1645001725,AU,5.66
broome,70.9822,298.74,45,1645001726,IN,4.61
kerteh,39.7666,305.22,54,1645001726,TZ,2.47
lagunas,100.3354,305.11,73,1645001636,MY,4.12
abha,114.0833,239.21,99,1645001727,RU,3.15
atuona,96.37,254.52,94,1645001227,RU,0.75
temirgoyevskaya,19.2345,295.87,79,1645001727,ZA,4.97
hobart,-52.7314,262.91,77,1645001143,CA,9.26
diu,-158.0072,296.17,73,1645001728,US,2.68
chake chake,-37.6368,269.31,91,1645001728,GL,11.43
georgetown,122.7875,301.94,75,1645001729,ID,0.21
saskylakh,102.5,245.3,95,1645001729,RU,2.65
baykit,-16.3415,289.36,55,1645001730,PT,6.69
hermanus,147.0587,294.07,48,1645001730,AU,0.89
torbay,168.3333,285.7,78,1645001731,NZ,2.18
ewa beach,113.6333,310.19,44,1645001731,AU,6.69
tasiilaq,-76.2167,293.18,77,1645001694,PE,4.63
luwuk,168.8643,283.06,80,1645001732,NZ,0.42
khatanga,-89.689,281.54,71,1645001733,US,3.6
porto santo,73.0833,301.48,68,1645001733,MV,7.51
new norfolk,-159.775,299.18,83,1645001561,CK,6.69
bluff,-135.0107,240.61,98,1645001734,CA,2.29
carnarvon,-87.4886,286.17,49,1645001734,US,0.89
pisco,-34.8339,297.52,69,1645001230,BR,3.32
mataura,145.7667,301.52,83,1645001795,AU,2.57
tome-acu,26.891,296.3,85,1645001795,ZA,10.8
saleaula,-151.2583,272.61,97,1645001796,US,5.14
rock falls,-72.3287,265.49,70,1645001796,US,1.11
hithadhoo,80.5464,244.7,89,1645001797,RU,1.48
avarua,57.7575,302.71,100,1645001797,MU,5.14
aklavik,115.3333,307.64,35,1645001798,AU,8.63
hopkinsville,-123.1698,265.27,93,1645001798,CA,1.03
warqla,-107.5464,274.17,90,1645001799,US,0.99
torres,35.2406,292.95,90,1645001799,MZ,2.18
cabedelo,124.2928,296.29,83,1645001477,PH,2.15
cairns,-66.8522,297.19,75,1645001800,VE,0
port alfred,-73,291.75,96,1645001800,PE,1.1
hihifo,-114.0611,288.87,68,1645001800,MX,4.05
kenai,140.3,283.23,52,1645001801,JP,12.19
palmer,166.1,245.81,93,1645001232,RU,5
dikson,-90.3518,297.34,94,1645001801,EC,1.79
marcona,-126.8329,235.17,67,1645001802,CA,1.54
bambous virieux,-6.589,273.66,95,1645001802,FO,8.11
busselton,-73.414,269.53,71,1645001547,US,0
mackenzie,-133.0374,241.57,99,1645001803,CA,5.1
craig,147.9167,235.98,100,1645001803,RU,1.22
lichinga,-149.15,299.16,73,1645001804,PF,6.91
marawi,30.7861,276.97,94,1645001804,RU,4.12
caraballeda,-79.8626,282.59,95,1645001668,US,2.57
pangoa,88.3972,246.38,90,1645001805,RU,1.41
guerrero negro,98.7792,300.46,80,1645001805,ID,1.69
katsuura,47.8333,300.6,79,1645001806,MG,4.33
tilichiki,-69.3632,243.58,92,1645001807,GL,2.47
puerto ayora,173.1667,290.47,78,1645001807,NZ,3.52
norman wells,-72.8521,273.14,57,1645001808,US,4.72
klaksvik,106.3439,272.15,29,1645001808,CN,1.84
bethel,-179.1667,246.52,89,1645001809,RU,5.57
tuktoyaktuk,102.3333,302.35,62,1645001809,TH,0.63
chokurdakh,-60.6333,294.1,99,1645001809,BR,0.02
tautira,-122.4194,286.97,52,1645001549,US,5.66
nikolskoye,134.0833,298.64,86,1645001810,ID,1.96
mount pleasant,85.85,303.44,49,1645001811,IN,4.32
talnakh,20.5791,289.06,55,1645001811,LY,9.44
taolanaro,-79.2353,274.1,49,1645001663,US,6.17
sibolga,18.4232,295.99,70,1645001651,ZA,8.23
mys shmidta,-112.4455,271.86,90,1645001812,US,7.6
farafangana,102.2655,302.91,61,1645001812,ID,3.06
barawe,-79.1469,294.78,75,1645001813,PE,2.76
qaanaaq,20.0403,292.19,88,1645001813,ZA,4.12
ahipara,21.5482,290.29,39,1645001813,LY,5.42
mastic beach,128.8694,242.72,99,1645001814,RU,1.16
hallingby,178.4167,245.25,98,1645001814,RU,2.99
shitanjing,-27.9833,289.52,85,1645001815,PT,8.93
egvekinot,-122.4286,286.66,59,1645001815,US,5.14
sa kaeo,161.9205,300.64,79,1645001816,SB,0.83
aripuana,24.15,277.24,92,1645001816,RO,1.32
san francisco,-72.2042,295.8,82,1645001625,HT,3.43
manokwari,125.4092,292.4,82,1645001877,TL,0.93
puri,-173.3,253.17,90,1645001877,RU,6.64
tukrah,-42.0278,297.16,86,1645001877,BR,3.17
jamestown,-17.3389,273.1,77,1645001835,IS,12.71
cape town,78.2833,297.35,34,1645001878,IN,4.16
pocatello,-16.9667,290.4,78,1645001879,PT,6.17
bengkulu,-51.1908,295.32,91,1645001606,BR,1.39
chicama,-135.33,277.09,93,1645001879,US,2.06
bredasdorp,-64.6167,297.59,80,1645001879,VG,10.37
jalu,101.2884,306.14,79,1645001880,MY,2.11
tiksi,67.4158,263.86,93,1645001880,KZ,5.61
leningradskiy,16.8167,295.07,91,1645001881,CD,0.54
lagoa,-51.5953,292.96,95,1645001881,BR,4.9
half moon bay,143.1167,258,96,1645001882,RU,1.92
kirakira,106.2731,275.24,25,1645001868,CN,3.43
botiza,51.7167,267.26,90,1645001883,RU,2.21
cap-haitien,-105.2842,248.29,70,1645001883,CA,6.17
isangel,172.7902,301.15,76,1645001883,KI,8.11
airai,25.5701,298.31,73,1645001884,ZA,11.83
provideniya,-59.5167,298.49,73,1645001884,BB,11.83
arraial do cabo,147.2712,299.31,84,1645001885,PG,2.52
husavik,-169.9187,297.09,88,1645001885,NU,0.51
hasanpur,36.9856,300.66,81,1645001886,MZ,0.48
camara de lobos,-124.1573,281.66,86,1645001886,US,5.14
paranaiba,29.0864,273.12,64,1645001886,NO,8.23
sitka,12.1522,298.5,78,1645001658,AO,0
road town,75.6892,268.38,70,1645001887,KG,1.91
bidor,-43.0225,296.63,88,1645001888,BR,1.91
sergeyevka,-53.4641,255.81,95,1645001888,GL,9.47
kasongo-lunda,103.7519,255.97,90,1645001888,RU,0.51
phun phin,-84.3225,299.02,67,1645001889,CR,2.11
centenario do sul,-159.319,292.7,76,1645001890,US,0.45
poronaysk,-35.4608,296.65,75,1645001395,BR,3.45
yinchuan,24.7314,294.75,70,1645001890,ZA,11.27
solovetskiy,-16.5469,293.25,18,1645001891,SN,4.54
borskoye,7.3853,299.98,8,1645001891,NE,1.13
la ronge,69.4481,287.14,17,1645001892,PK,2.7
butaritari,-97.8558,255.24,85,1645001892,CA,1.54
port elizabeth,16.1194,270.14,68,1645001893,NO,11.83
bathsheba,2.159,285.8,61,1645001893,ES,4.63
lorengau,48.5268,300.68,58,1645001894,SO,9.01
alofi,121.9711,303.18,75,1645001894,PH,1.26
mocuba,-151.75,300.05,75,1645001894,PF,6.86
fortuna,114.6,307.38,36,1645001895,AU,10.8
berlevag,-155.09,293.37,78,1645001895,US,1.17
namibe,35.3833,304.14,58,1645001896,MZ,6.26
kemin,161.3,235.82,100,1645001896,RU,1.34
lolua,-111.9833,289.97,36,1645001897,MX,4.53
floriano,-117.2306,280.45,84,1645001897,US,3.09
kangaatsiaq,121.6247,242.58,100,1645001897,RU,1.95
rudnogorsk,-147.7164,254.4,77,1645001764,US,0.45
parrita,57.7,302.73,100,1645001703,MU,5.14
kapaa,-45.2371,258.5,70,1645001314,GL,11.44
touros,-3.9836,291.73,21,1645001899,ML,9.54
kruisfontein,17.3667,299.97,72,1645001709,CD,2.01
oussouye,70.7031,298.75,41,1645001959,IN,4.16
arlit,-51.1922,253.01,97,1645001960,GL,2.59
zhob,133.0839,268.25,70,1645001960,RU,6.5
tsihombe,-20.2734,274.7,75,1645001961,IS,3.09
thompson,111.5,244.49,100,1645001961,RU,2.1
andenes,121.9,296.06,69,1645001962,AU,6.3
barcelona,143.3,258.84,79,1645001962,RU,4.28
hobyo,19.0305,280.37,81,1645001962,HU,3.61
isabela,-54.3333,289.26,78,1645001963,UY,3.25
faanui,-123.9178,276.76,90,1645001963,US,1.29
geraldton,-69.2181,277.18,75,1645001964,AR,5.14
hilo,-66.3814,292.77,92,1645001964,VE,1.8
inhambane,-40.8894,290.82,98,1645001965,BR,1.75
cherskiy,153.6833,237.66,100,1645001965,RU,0.63
mulege,-68.5145,241,75,1645001966,CA,3.09
moreno valley,-171,246.68,93,1645001966,RU,4.25
vilyuysk,156.125,270.33,76,1645001966,RU,4.03
grand river south east,52.3409,285.38,36,1645001967,IR,3.03
fairbanks,108.8,295.91,93,1645001863,VN,1.35
mahebourg,16.5887,289.06,74,1645001707,LY,9.12
nanortalik,140.7667,292.1,59,1645001689,AU,5.14
taoudenni,14.4283,290.49,23,1645001968,LY,2.7
bandundu,-65.7852,299.69,50,1645001969,AR,3.05
gawler,55.7679,302.92,81,1645001969,RE,6.5
kodinar,12.6934,273.07,50,1645001970,NO,12.55
qasigiannguit,124.1572,290.22,94,1645001970,JP,8.75
vrangel,-70.1431,294.17,75,1645001970,CL,1.38
vestmannaeyjar,-56.1549,246.2,95,1645001971,GL,5.99
vaitupu,95.3167,309.34,21,1645001971,MM,3.5
aykhal,-17.1,290.4,66,1645001972,PT,3.47
esperance,-74.8429,295.83,69,1645001972,CO,1.06
okhotsk,-73.8203,283.83,85,1645001973,CL,3.08
harta,24.3197,275.68,90,1645001973,FI,3.58
rocha,-71.1419,298.01,77,1645001973,TC,11.55
humboldt,150.7967,301.13,75,1645001974,PG,4.38
rio gallegos,26.4,282.81,61,1645001974,RO,0.97
altagracia de orituco,42.7072,272.83,97,1645001975,RU,4.26
ibiapina,15.6401,259.06,92,1645001975,SJ,2.06
ambodifototra,-114.5683,286.88,41,1645001975,US,3.6
srednekolymsk,-77.6139,293.83,85,1645001976,PE,3.78
iqaluit,-60.4388,296.01,42,1645001479,AR,2.6
lavrentiya,57.5167,302.79,100,1645001976,MU,5.14
severo-kurilsk,34.7642,289.48,48,1645001761,IL,1.53
garmsar,121.1855,276.62,64,1645001977,CN,5.06
quang ngai,-35.2225,297.21,81,1645001978,BR,1.83
louisbourg,68.3333,262.78,89,1645001978,KZ,6.09
surt,-51.1,251.54,99,1645001978,GL,2.55
mount gambier,44.3244,293.7,30,1645001563,YE,2.61
sabha,59.2211,287.41,18,1645001979,IR,0
catamarca,-47.3561,298.39,88,1645001980,BR,4.85
saint-philippe,-39.2481,297.23,92,1645001980,BR,1.78
naftah,-109.4662,273.23,70,1645001981,US,2.24
sorland,-122.6762,281.09,89,1645001981,US,1.79
ishigaki,41.8754,286.35,41,1645001982,IQ,1.1
iquique,127.6694,289.16,67,1645002042,JP,8.75
upernavik,174.5,292.68,73,1645002042,NZ,2.32
myanaung,164.0167,300.76,76,1645002043,NC,2.04
ponta do sol,-15.2082,275.3,55,1645001490,IS,0.6
cartagena del chaira,100.3543,300.18,70,1645002044,ID,3.25
ancud,-28.7,288.37,100,1645002044,PT,7.2
vihti,-53.4616,290.41,93,1645002045,UY,2.82
cockburn town,27.9116,297.67,88,1645001883,ZA,6.17
kavieng,27.2453,287.83,60,1645002045,EG,1.06
asau,170.3133,241.93,99,1645002046,RU,2.24
bereznik,49.218,275.47,78,1645002046,IR,2.25
longyearbyen,-73.65,284.57,87,1645002047,CL,3.7
bullhead city,-88.8667,293.28,70,1645002047,SV,4.17
hualmay,112.2051,301.1,77,1645002048,ID,4.64
presidencia roque saenz pena,3.75,304.42,59,1645002049,NG,2.44
souillac,-93.2738,291.15,84,1645002049,US,5.66
gat,-51.3333,291.31,99,1645002050,BR,1.34
juegang,-84.5333,283.03,56,1645001983,US,1.34
maragogi,-97.5169,292.2,91,1645002050,US,6.84
atbasar,46.4667,298.2,11,1645002051,YE,2.93
ilulissat,169.8464,285.89,70,1645002051,NZ,1.38
sayyan,38.6637,286.29,39,1645002052,SA,3.49
birjand,-91.917,263.36,97,1645002052,CA,1.98
mudyuga,-10.7969,299.02,82,1645002013,LR,1.39
salinopolis,40.0858,272.31,93,1645002053,RU,5.24
jahrom,101.5036,258.07,91,1645002053,RU,0.8
caravelas,-9.0603,287.64,93,1645002054,ES,6.46
green river,127.7558,288.75,67,1645002054,JP,8.75
portland,173.7833,292.77,73,1645002055,NZ,0.47
sinjar,99.1844,257.11,87,1645002055,RU,1.45
mafinga,110.3967,296.13,85,1645002056,CN,4.6
itoman,167.55,301.47,72,1645002056,VU,1.86
ngunguru,-25.6667,290.1,77,1645002057,PT,5.14
poum,-50.0119,288.93,96,1645002057,BR,2.08
hofn,-120.4579,284.02,69,1645001952,US,7.15
padang,114.1577,294.92,77,1645001814,HK,7.6
ribeira grande,167.7167,286.51,81,1645002058,NZ,1.26
chuy,-57.5575,294.31,77,1645002059,AR,5.81
east london,-72.8814,287.42,96,1645002059,PE,0.68
marsa matruh,19.7511,283.07,65,1645002060,AL,1.78
pevek,133.8833,308.83,43,1645001865,AU,5.66
abhar,-25.5833,289.42,84,1645002060,PT,5.14
lebu,130.9889,309.25,16,1645002061,AU,4.44
zacatecoluca,150.8,253.7,78,1645002061,RU,5.35
tawkar,30.7792,290.37,38,1645001494,EG,7.63
labuhan,-156.47,295.84,81,1645001778,US,1.79
borlange,23.0826,276.45,90,1645001950,EE,8.77
lagos,-171.8578,298.03,74,1645002062,WS,3.02
prien,-6.6363,301.3,76,1645002063,CI,2.67
candido de abreu,15.626,273.83,96,1645002063,SE,2.4
hamilton,121.0167,303.35,68,1645002063,PH,6.01
san patricio,141.9667,290.89,72,1645002064,AU,4.97
marzuq,114.5636,281.72,83,1645002065,CN,1.21
kaitangata,-65.7125,236.38,96,1645002065,CA,1.39
turayf,-53.1147,262.66,58,1645002065,CA,11.96
sioux lookout,-105.2,293.28,85,1645002066,MX,0.45
monrovia,131.1683,246.36,98,1645002066,RU,0.89
voloshka,108.7026,282.21,48,1645002067,CN,4.58
kuytun,145.575,269.92,70,1645002127,JP,7.56
muros,125.2833,290.07,94,1645002128,JP,9.77
nishihara,-51.995,294.89,100,1645002128,BR,0.69
kaeo,73,300.52,68,1645002129,MV,2.01
kodinsk,167.6833,283.67,86,1645002129,NZ,0.56
wanning,15.1594,298.91,61,1645002130,NA,7.71
sola,86.1469,275.95,43,1645002130,CN,8.18
ponta delgada,143.2,240.24,89,1645002130,RU,0.27
castro,23.8833,301.85,36,1645002131,BW,5.82
lompoc,48.4845,302.34,19,1645002131,SO,5.21
victoria,-85.5699,285.32,80,1645002132,US,2.24
te anau,41.6925,302.67,53,1645002132,ER,4.89
mar del plata,-118.8361,258.01,92,1645002132,CA,1.4
abancay,133.385,236.54,100,1645002133,RU,0.45
peqin,31.0419,297.57,73,1645002133,TZ,1.79
alice springs,-94.4337,261.36,84,1645002056,CA,3.58
rabo de peixe,-53.7583,294.47,95,1645002134,BR,0.14
yulara,46.8311,274.59,74,1645002134,RU,1.03
magadan,0.4271,288.84,45,1645002135,ES,2.01
matay,-2.5,279.03,68,1645002135,ES,2.14
kahului,175.5153,289.51,92,1645002136,NZ,2.31
orissaare,14.9667,292.85,69,1645002136,NA,2.26
lotofaga,111.9753,253.14,92,1645002136,RU,1.29
san-pedro,106.1045,304.24,78,1645002137,ID,0.81
falun,-53.8069,288.39,81,1645002137,BR,2.2
san pedro,34.7431,301.88,80,1645002138,MZ,3.41
codrington,127.479,256.9,91,1645002138,CN,3.53
yining,-85.1999,282.99,75,1645002139,US,2.25
pangnirtung,152.15,297.18,77,1645002139,AU,0.89
bonavista,119.9045,300.72,73,1645002139,PH,3.83
ixtapa,57.1869,269.03,87,1645002140,KZ,3.99
borogontsy,-8.3327,284.84,83,1645002140,PT,0.59
xianyang,-40.2925,295.9,97,1645002141,BR,2.43
nhulunbuy,-73.3579,273.01,67,1645002141,US,1.54
nemuro,-57.76,294.22,99,1645002142,BR,1.19
hirara,34.7578,279.89,53,1645002142,UA,2.25
sao felix do xingu,102.5998,301.47,70,1645002142,TH,4.07
sentyabrskiy,-109.9124,293.43,42,1645002143,MX,2.68
ugoofaaru,-102.2,296.31,85,1645002003,MX,1.44
tuatapere,175.7,290.38,80,1645002144,NZ,3.33
luderitz,170.5036,284.71,74,1645002144,NZ,1.86
korla,29.6536,281.96,71,1645001897,RO,7.42
ust-nera,97.5228,261.36,77,1645002145,RU,3.36
sekoma,-77.9333,291.66,95,1645002145,EC,1.35
garowe,81.4808,304.66,41,1645002146,LK,4.91
callaway,-77.0636,294.12,72,1645002146,BS,11.37
edd,98.6348,302.39,69,1645002146,TH,1.96
spirit river,143.6268,300.42,83,1645002147,PG,3.79
verkhoyansk,139.5,306.02,33,1645002147,AU,4.63
nguruka,-78.0167,298.26,86,1645002148,PA,6.71
kenora,119.7824,300.13,73,1645002148,PH,5.82
guiratinga,103.3996,301.72,73,1645002149,MY,2.97
nizhniy baskunchak,95.7,303.12,14,1645002149,MM,1.99
benicarlo,33.6136,274.53,70,1645002150,TR,2.39
la rioja,63.0231,267.35,87,1645002150,RU,1.92
waipawa,-72.4167,285.46,86,1645002150,CL,2.64
arandis,-59.4307,294.73,52,1645002151,AR,3.77
kyra,75.2418,258.04,87,1645002151,RU,2
karaton,-61.7463,296.87,75,1645002212,GP,7.13
santa maria,-4.4333,302.23,19,1645002212,CI,1.31
dondo,-72.2333,282.56,88,1645002213,CL,1.09
songjianghe,25.8125,277.55,72,1645002213,UA,3.36
russell,13.84,297.76,61,1645002214,NA,4.75
nelson bay,-81.7165,271.99,76,1645002214,CA,11.1
palauig,131.3667,277.46,60,1645002214,JP,5.66
shubarshi,-9.2372,286.22,63,1645002215,MA,6.98
lata,153.6167,297.12,76,1645002215,AU,2.36
vila velha,31.8996,272.01,93,1645002216,RU,5.29
westport,38.1333,296.72,24,1645002216,ET,2.1
urucara,72.8944,300.73,72,1645002217,MV,4.61
zhelyabovka,1.0114,293.3,17,1645002217,ML,6.22
phon,59.6143,280.97,31,1645002217,TM,3.15
cabo san lucas,77.5889,252.14,92,1645002218,RU,1.19
lazaro cardenas,129.4833,285.37,59,1645002218,JP,6.54
whitianga,-84.4777,282.03,45,1645001993,US,0.45
dunedin,19.3034,279.12,100,1645002219,SK,1.69
sulina,135.4833,298.29,91,1645002219,ID,0.8
kungurtug,141.6739,267.92,85,1645002220,JP,11.04
palora,27.8492,272.1,93,1645002220,NO,1.03
wattegama,1.6,285.1,93,1645002221,FR,6.17
marsh harbour,45.064,301.08,18,1645002221,SO,1.13
ranong,119.9327,251.73,97,1645002221,RU,0.18
wewak,-82.9988,279.42,62,1645002222,US,5.66
mount isa,31.1107,271.14,93,1645002222,NO,5.14
ailigandi,-17.9182,289.01,73,1645002223,ES,4.92
aloleng,-73.0821,273.12,58,1645001962,US,3.96
pekan,-60.6733,298.14,78,1645001926,BR,3.6
umzimvubu,29.7333,274.19,90,1645002224,BY,4.07
shwebo,27.85,299.41,42,1645002224,ZA,5.31
keskin,-111.6513,275.96,59,1645002009,US,1.9
agirish,-74.5496,272.53,69,1645002225,US,1.29
constitucion,134.2667,302.02,69,1645002226,AU,3.64
mercedes,41.4721,282.4,56,1645002226,GE,1.66
muromtsevo,-34.9075,298.64,72,1645002227,BR,2.42
vestmanna,108.3492,255.63,94,1645002227,RU,0.53
baillif,18.9667,300.4,33,1645002228,NA,5.99
dabakala,-71.3436,289,88,1645002228,CL,0
vilcun,-91.641,287.08,50,1645002229,US,4.63
olyka,10.3,271.52,88,1645002229,NO,1.19
wahran,128.8419,278.56,63,1645002229,JP,13.5
opuwo,31.5021,290.84,34,1645002230,EG,5.61
goderich,78.3667,252.27,96,1645002230,RU,3.15
nichinan,18.555,310.65,15,1645002203,CF,1.29
asfi,150.4667,299.69,74,1645002231,AU,6.61
byron bay,-50.5969,293.86,94,1645002231,BR,0.51
sobolevo,104.0833,299.6,89,1645002232,ID,2.21
dejen,44.1277,298.63,21,1645002232,SA,2.24
kudahuvadhoo,-113.3019,268.73,93,1645002023,CA,5.02
tessalit,15.0667,292.99,68,1645002233,AO,0.9
kaka,-50.2056,293.89,83,1645002233,BR,4.19
strezhevoy,122.6711,301.1,68,1645002234,PH,4.25
naze,37.2685,295.77,45,1645002234,SA,5.54
lexington,16.4484,278.14,75,1645002234,SE,6.05
dolny kubin,-59.5333,298.2,73,1645002235,BB,10.8
nabire,-61.6167,298.92,77,1645002235,GD,10.26
wakkanai,91.6419,260.51,68,1645002296,MN,0.25
mehamn,25.1361,307.8,9,1645002296,CF,2.09
berck,-116.1262,272.29,86,1645002297,US,2.57
odweyne,18.957,263.92,92,1645002298,NO,1.03
tupik,-46.05,257.27,85,1645002298,GL,2.18
columbus,82.6167,302.82,28,1645002299,IN,5.12
vardo,-72.0662,277.53,98,1645002107,CL,2.99
los llanos de aridane,-53.6735,252.88,97,1645002299,GL,5.75
sayville,-68.2039,261.43,82,1645002173,US,0
boa vista,122.95,301.31,65,1645002300,PH,5.87
svetlogorsk,114.1111,274.08,35,1645002300,CN,3.11
elliot,74.523,254.92,91,1645002301,RU,5.07
kamenskoye,10,302.16,69,1645002302,GA,1.95
flagstaff,17.9442,292.68,79,1645002302,ZA,10.89
somerset,-65.4117,290.69,85,1645002039,AR,1.45
maningrida,-46.3694,293.05,88,1645002241,BR,0.81
ochamchira,100.5792,259.68,90,1645002303,RU,0.48
conde,-68.5914,239.99,72,1645002197,CA,2.05
alekseyevsk,-70.0995,269.8,60,1645002304,US,0
amderma,-15.8333,298.42,44,1645002305,GW,6.61
gobabis,-52.5817,295.28,98,1645002305,BR,0.83
coquimbo,92.0667,250.2,92,1645002306,MN,1.86
batesville,-122.3917,284.02,52,1645002262,US,5.14
lundamo,-51.7216,258.49,72,1645002050,GL,5.14
fukue,-10.0711,290.69,18,1645002306,MR,8.25
tahta,142.9478,262.83,93,1645002307,RU,8.07
urengoy,-66.7667,280.52,82,1645002307,BO,3.11
bangui,141.2906,299.6,85,1645002308,PG,0.55
ulladulla,-81.7826,294.26,83,1645002308,US,3.6
santa helena de goias,90.2201,296.93,29,1645002309,IN,3.06
simpang,-79.5458,294.66,84,1645002309,CU,9.77
najran,-135.0538,264.83,97,1645002309,CA,1.08
cardston,150.8552,297.71,73,1645002310,AU,6.71
caconda,-70.6483,291.96,73,1645002246,CL,2.06
cidreira,165.677,298.12,83,1645002310,NC,4.57
dingle,118.7833,259.84,61,1645002311,CN,4.02
umm lajj,70.8333,253.87,97,1645002312,RU,5.01
oskarshamn,113.2792,253.74,89,1645002312,MN,2.18
oistins,-37.2644,293.64,83,1645002313,BR,2.24
grenville,94.7667,297.16,26,1645002313,IN,1.32
hokitika,-3.296,276.29,80,1645002314,GB,1.14
hovd,29.25,301.03,10,1645002314,SD,8.42
zemio,47.0474,278.91,50,1645002315,RU,4.47
ada,57.6608,302.8,67,1645002315,MU,4.47
falealupo,35.7308,298.37,25,1645002316,KE,4.54
tromso,-113.2899,282.43,51,1645002316,US,3.16
bolungarvik,-113.7928,272.2,74,1645002316,US,7.72
narsaq,-62.0736,297.8,47,1645002317,AR,7.93
narsipatnam,50.2788,302.17,70,1645002317,MG,4
coihaique,20.3314,275.18,100,1645002318,RS,0.1
sisimiut,110.2833,301.37,77,1645002318,ID,4.29
bar harbor,57.5281,262.36,90,1645002319,RU,5.75
bacolod,16.5425,282.75,74,1645002319,HR,1.09
hecun,135.8833,259.24,98,1645002320,RU,1.2
muravlenko,-108.2847,251.15,97,1645002155,CA,3.18
gamba,33.4131,272.81,87,1645002380,TR,3.19
saldanha,12.9164,298.06,9,1645002381,NE,5.35
salta,125.5072,300.01,68,1645002381,PH,3.64
posse,-75.8749,269.94,81,1645002382,US,2.06
tulun,33.6442,302.49,64,1645002382,MZ,5.57
clyde river,-99.8901,297.05,88,1645002341,MX,0
gurskoye,122.4989,301.46,78,1645002383,ID,1.22
nantucket,-75.978,278.15,75,1645002383,US,3.09
bubaque,150.7333,300.03,84,1645002384,AU,8.6
almeirim,-77.7667,294.13,72,1645002195,BS,11.38
ulaangom,179.3167,249.47,93,1645002384,RU,7.28
redding,-8.8571,286.66,94,1645002385,PT,3.7
nuuk,-13.8627,291.01,72,1645002385,ES,9.26
adrar,114.8794,248.02,98,1645002385,RU,0.5
okha,101.7667,273.68,36,1645002386,CN,1.28
challapata,8.8879,299.51,8,1645002386,NE,6.49
kiunga,118.5667,309.18,52,1645002387,AU,6.69
key west,54.0924,300.2,50,1645002387,OM,7.2
tura,61.8383,288.76,25,1645002387,AF,6.96
remedios,40.2064,289.43,28,1645002388,SA,1.78
whitehorse,103.6372,306.41,46,1645002388,ID,0.72
flinders,17.691,298.08,54,1645002389,AO,2.54
santiago,-63.5,294.47,77,1645002389,BO,2.62
moindou,15.05,305.28,22,1645002390,CM,1.82
mujiayingzi,-4,279.34,77,1645002390,ES,3.13
yar-sale,122.2653,258.1,90,1645002391,CN,2.35
baruun-urt,-72.7111,294.16,84,1645002391,PE,2.52
sertania,115.7667,310.34,57,1645002391,AU,6.83
along,9.2618,302.09,69,1645002392,GA,2.75
stromness,26.5969,290.66,95,1645002392,CD,0.84
yanan,76.6625,256.07,92,1645002393,RU,2.41
abu zabad,-121.4238,286.53,41,1645002393,US,6.69
zenzeli,26.5406,275.75,92,1645002393,EE,5.23
grand gaube,131.1453,258.18,91,1645002394,CN,1.83
eldama ravine,42.4509,292.44,35,1645002395,SA,4.25
hurricane,81.1185,305.34,51,1645002395,LK,2.57
burley,32.5,272.86,88,1645002395,TR,2.16
punta alta,115.7,309.34,60,1645002396,AU,7.79
antalaha,152.665,295.47,77,1645002396,AU,2.87
tutin,143.5544,301.9,26,1645002397,AU,7.28
bambanglipuro,-115.5012,268.51,77,1645002397,US,2.68
usinsk,-72.1634,294.8,67,1645002398,CO,1.83
krizevci,15.9333,299.67,49,1645002398,NA,3.93
wulanhaote,-113.5841,283.5,44,1645002218,US,4.63
vostok,143.2326,258.24,90,1645002399,RU,5.27
bargal,-171.5986,297.03,74,1645002399,WS,3.58
santa cruz,-103.6833,293.49,69,1645002400,MX,1.59
north battleford,49.6545,264.23,88,1645002400,RU,3.39
eskil,-71.744,297.01,60,1645002401,DO,1.36
bilma,93.45,273.16,77,1645002401,CN,0.08
san policarpo,-4.8956,297.64,12,1645002401,ML,5.4
chester,-86.1758,284.18,54,1645002402,US,7.82
xai-xai,163.0719,252.65,81,1645002402,RU,3.25
acapulco,43.6782,290.84,33,1645002403,IQ,4.92
kendari,37.0213,298.36,27,1645002403,KE,4.01
virginia beach,64.6311,267.07,92,1645002464,KZ,6.19
yeppoon,15.9477,289.32,34,1645002464,LY,5.37
andros town,115.0447,264.23,65,1645002465,CN,0.95
beringovskiy,-79.1078,295.31,70,1645002466,PE,1.79
areosa,97.2,276.14,31,1645002466,CN,5.54
puerto del rosario,128.1814,301.3,75,1645002467,ID,3.64
taksimo,-100.4995,287.74,67,1645002467,US,5.54
xining,85.1167,296.11,46,1645002468,IN,3.09
tanout,18.705,276.52,97,1645002468,SE,4.79
port hedland,67.7975,254.49,99,1645002469,RU,1.12
salalah,-76.9013,277.14,87,1645002470,US,0.45
mirabad,-36.4344,298.46,79,1645002470,BR,2.38
sakakah,8.1294,278.31,93,1645002397,DK,4.63
payo,46.1167,301.22,54,1645002471,MG,6.18
menongue,29.1833,263.17,79,1645002472,FI,2.06
villamontes,4.8125,285.16,92,1645002472,NL,12.86
yirol,-48.2447,298.04,99,1645002473,BR,1.18
yokadouma,67.25,281.05,32,1645002473,AF,7.57
